Seq,DateListed,Name,EthnicLanguage,AlsoKnownAs,CountyCity,TownshipDistrict,Village,Neighborhood,Ethnic,Ethnic2,Ethnic3,Population,AboriginalPopulation,SystemofSocialOrganization,NewTribaOrOldTriba,TheMainProductionIndustry,HasAssociationsOrganized
1,20130720,????,Ulay,,???,???,??,11~14?15,???,,,956,956,????????,????,??,???????? ?????????? ???????????
2,20130720,????,Rahaw,,???,???,??,?,???,,,232,232,????????,????,??,????????
3,20130720,????,(ms)Tranan,,???,???,??,?,???,,,512,512,????????,????,??,????????
4,20130720,?????,tfuya,,???,????,??,8~12,??,,,329,304,???????,????,?,?????????
5,20130720,????,tapangu,,???,????,??,1~5,??,,,712,611,???????,????,?,????????
6,20130720,????,lalauya,,???,????,??,1~9,??,,,1041,573,????????,????,?,???????? ?????????????
7,20130720,????,pungu,,???,????,??,1~5,??,,,436,397,????????,????,?,????????
8,20130720,????,Nia-ucna,,???,????,??,1~4,??,,,336,315,????????,????,?,????????
9,20130720,????,saviki,,???,????,??,1~7,??,,,479,462,????????,????,????,????????
10,20130720,????,Nia-hosa,,???,????,??,1~5,??,,,295,287,????????,????,?,????????
11,20130720,????,cayamavana,,???,????,??,1~5,??,???,??????,310,118,????????,????,????,????????
12,20130720,????,Mkzihing,,???,???,??,1?2,???,,,154,112,???????,????,?,????????
13,20130720,????,Mkmatuy,,???,???,??,6~9,???,,,401,139,???????,????,?,????????
14,20130720,??,Matapai,,???,???,??,1~3,???,,,270,250,???????,????,?,????????
15,20130720,??,Mkyutaq,,???,???,??,4?5,???,,,138,136,???????,????,?,????????
16,20130720,??,Spwan,,???,???,??,6?7?9,???,,,225,208,???????,????,?,????????
17,20130720,??,Ma sax,,???,???,??,8,???,,,98,95,???????,????,?,????????
18,20130720,????,Piling,,???,???,??,1?2,???,,,308,289,???????,????,?,????????
19,20130720,???,Tentana,,???,???,??,3?6,???,,,199,167,???????,????,?,????????
20,20130720,?????,Yutaq,,???,???,??,4?5,???,,,181,155,???????,????,?,????????
21,20130720,?????,Kbaqeh,,???,???,??,7?8,???,,,134,100,???????,????,?,????????
22,20130720,???????,Cinblan,,???,???,??,910,???,,,354,320,???????,????,?,????????
23,20130720,?????,Kuhan,,???,???,??,11,???,,,141,130,???????,????,?,????????
24,20130720,?????,Ageq,,???,???,??,12,???,,,137,132,???????,????,?,????????
25,20130720,?????,Migiseta (Zihungun),,???,???,??,13,???,,,47,45,???????,????,?,????????
26,20130720,??,Mknahuy,,???,???,??,3,???,,,333,237,???????,????,?,????????
27,20130720,?????,Mksujing,,???,???,??,4?5,???,,,177,153,???????,????,?,????????
28,20130720,??,Mklapay,,???,???,??,6?7,???,,,152,127,???????,????,?,????????
29,20130720,??,Temu-nawi,,???,???,??,8~10,???,,,193,109,???????,????,?,????????
30,20130720,??,Lkuxan,,???,???,??,14,???,,,18,13,???????,????,?,????????
31,20130720,??,Hbun-rangay,,???,???,??,1~4,???,,,506,372,???????,????,?,????????
32,20130720,??,Mkslaq,,???,???,??,5~7,???,,,182,173,???????,????,?,????????
33,20130720,????,Qalang-Qwayux,,???,???,??,8?9,???,,,124,193,???????,????,?,????????
34,20130720,????,Hbun-qramay,???,???,???,??,10,???,,,341,317,???????,????,?,????????
35,20130720,?????,Mkrahaw (?polowan),,???,???,??,11~13,???,,,247,207,???????,????,?,????????
36,20130720,????,Uraw,,???,???,??,1?2,???,,,107,101,???????,????,?,????????
37,20130720,????,Libu,,???,???,??,3,???,,,87,85,???????,????,?,????????
38,20130720,?????,Llyung,,???,???,??,4?5,???,,,40,40,???????,????,?,????????
39,20130720,????,Ulay,,???,???,??,6,???,,,122,115,???????,????,?,????????
40,20130720,????,Batul,,???,???,??,7,???,,,67,65,???????,????,?,????????
41,20130720,????,Mami,,???,???,??,8,???,,,90,81,???????,????,?,????????
42,20130720,????,Quri,,???,???,??,910,???,,,214,205,???????,????,?,????????
43,20130720,???,Plmwan,,???,???,??,11,???,,,89,89,???????,????,?,????????
44,20130720,????,Tayax,,???,???,??,12,???,,,105,105,???????,????,?,????????
45,20130720,???,Pbwan-naway,,???,???,??,13,???,,,72,68,???????,????,?,????????
46,20130720,??????,Smangus,,???,???,??,14,???,,,111,108,???????,????,?,????????
47,20130720,??,Tbahu,,???,???,??,1~3,???,,,369,356,???????,????,?,????????
48,20130720,????,Hbun-Tunan,??,???,???,??,4~6,???,,,250,229,???????,????,?,????????
49,20130720,????,Thyakan,,???,???,??,7,???,,,326,308,???????,????,?,????????
50,20130720,????,Smangus-cikuy,,???,???,??,8,???,,,173,169,???????,????,?,????????
51,20130720,?????,Cinsbu,,???,???,??,9,???,,,151,144,???????,????,?,????????
52,20130720,??,Kinelwan,,???,???,??,1011,???,,,161,147,???????,????,?,????????
53,20130720,????,Yuluw,,???,???,??,1213,???,,,134,132,???????,????,?,????????
54,20130720,????,Tonox laliyon,,???,???,??,1?2,???,,,132,93,????????,????,?,????????
55,20130720,?????,Babango:an,,???,???,??,3,???,,,55,38,????????,????,?,?
56,20130720,?????,Oloraw,,???,???,??,4,???,,,88,88,????????,????,?,?
57,20130720,????,Babalahoi,,???,???,??,5?7?8,???,,,360,215,????????,????,?,????????
58,20130720,????,Rae era,,???,???,??,910,???,,,160,144,????????,????,?,???????
59,20130720,????,Owoolau,,???,???,??,1~4,???,,,224,206,????????,????,???,????????? ????? ???
60,20130720,????,Totoba,,???,???,??,5~12,???,???,,612,501,????????,????,???,????????? ????? ???
61,20130720,????,Kawhaehaoan????,??,???,???,??,13,???,,,65,56,????????,????,???,????????? ????? ???????????????
62,20130720,?????,sunsonmon,,???,???,??,14,???,,,119,119,????????,????,???,????????? ????? ???????????????
63,20130720,?????,1. Voela 2. Ibaanbado,,???,???,??,1516,???,,,160,145,????????,????,???,????????? ????? ???????????????
64,20130720,????,Voha,,???,???,??,17~19,???,???,,222,202,????????,????,???,????????? ????? ???????????????
65,20130720,????,Singaau,,???,???,??,20~23,???,???,,300,278,????????,,???,????????? ????? ???
66,20130720,???,Takunan,,???,???,??,1~3,???,,,250,224,???????,????,?,???????????
67,20130720,????,Babalangaw,,???,???,??,2~3,???,,,300,229,????????,????,???,??????????????
68,20130720,??,Hikw,,???,???,??,4,???,,,75,66,????????,????,???,??????????????
69,20130720,????,Leoyan,,???,???,??,18,???,,,100,92,????????,????,???,?????????????????????????
70,20130720,????,Kabongoi,,???,???,??,11~12,???,,,200,185,????????,????,???,??????????????
71,20130720,????,Owlay,,???,???,??,5~17,???,,,1020,985,????????,????,???,??????????????
72,20130720,?????,Mintoyw,,???,???,??,13~14,???,,,180,157,????????,????,???,??????????????
73,20130720,?????,Marapa,,???,???,??,5~6,???,,,200,180,????????,????,???,??????????????
74,20130720,????,Sakalo,,???,???,??,19,???,,,40,31,????????,????,???,??????????????????????
75,20130720,????,Tarayan,,???,???,??,19,???,,,40,31,????????,????,???,??????????????????????
76,20130720,????,Babowan,,???,???,??,20,???,,,35,29,????????,????,???,??????????????
77,20130720,???,Mayraox,,???,???,??,6,???,,,90,72,????????,????,???,????????
78,20130720,????,Tunx grux,,???,???,??,4,???,,,95,81,????????,????,???,?
79,20130720,????,Asan Burak,,???,???,??,4,???,,,95,82,????????,????,???,?
80,20130720,?????,Sai ie,,???,???,??,15,???,,,80,67,????????,????,???,?????????
81,20130720,???,M?utuw,,???,???,??,8~10?16,???,,,1377,280,????????,????,?,??????????????????????????????????
82,20130720,???,Kongadavane,,???,???,??,6,???,,,568,48,???????,????,??,?????????
83,20130720,???,Teledreka,,???,???,??,6,???,,,733,69,???????,????,??,??????? ???????
84,20130720,???,Oponoho,,???,???,??,6,???,,,353,20,???????,????,??,????????
85,20130720,???,Masuhuaz,,???,???,??,1~3,???,,,343,19,????????,????,?,???????? ??????????
86,20130720,???,Rakkus,,???,???,??,1,???,,,92,16,????????,????,?,
87,20130720,???,Laboran,,???,???,??,2?3,???,,,254,22,????????,????,?,????????
88,20130720,???,Bibiuw,,???,???,??,1~3,???,,,379,25,????????,????,?,????????
89,20130720,???,Takiluwan,,???,???,??,1~3,???,,,325,83,????????,????,?,????????
90,20130720,???,Gani,,???,???,??,1?4?6?7,???,,,810,30,????????,????,?,????????
91,20130720,????,Tanguhla,,???,???,??,5,?????,,,143,117,????????,????,?,
92,20130720,???,Hasin,,???,???,??,2~5,???,,,543,82,????????,????,?,????????     ??????
93,20130720,???,Vilang ne,,???,???,??,6,?????,,,77,0,????????,????,?,
94,20130720,???,Damahu Banbakalan,,???,???,??,1~5,???,,,721,57,????????,????,?,????????
95,20130720,????,Tangadahahu,,???,???,??,2~5,???,,,175,5,????????,????,?,????????
96,20130720,????,Husida,,???,???,??,8?9,???,,,193,19,????????,????,?,????????
97,20130720,????,suhungan,,???,???,???,1,???,,,63,15,????????,????,???????,????????
98,20130720,????,Husida,,???,???,??,811,???,,,195,19,????????,????,??????????,????????
99,20130720,??,Nanisalu,,???,???,??,1~4,???,???,,540,63,????????,????,?,???????? ???????????? ?????
100,20130720,??,Mangacnnan,,???,???,??,1~6,???,??,???,832,57,????????,????,?,???????? ????????? ??????????    ???????????
101,20130720,????,Takanua,,???,???,??,1~3,???,??,,953,59,????????,????,?,?????????????? ?????????
102,20130720,????,Nanuma,,???,???,??,4~7,???,,,612,54,????????,????,?,????????
103,20130720,???,Pyason,,???,???,??,7?15,???,,,802,240,????????,????,?,????????
104,20130720,?????,Hbun,,???,???,??,18?20,???,,,172,106,????????,????,?,
105,20130720,????,Rahaw,,???,???,??,4?6,???,,,174,167,????????,????,?,
106,20130720,????,Rahaw,,???,???,??,1?3,???,,,182,169,????????,????,?,
107,20130720,????,Slong,,???,???,??,1617,???,,,193,145,????????,????,?,??????????????
108,20130720,?????,Tuba,,???,???,??,15?19,???,,,737,591,????????,????,?,
109,20130720,????,Tuba,,???,???,??,1314,???,,,152,9,????????,????,?,
110,20130720,???,Blhuy,,???,???,??,6?9,???,,,302,4,????????,????,?,??????????????
111,20130720,??,Kayu-Valiq,,???,???,??,2?5,???,,,369,3,????????,????,?,????????????
112,20130720,???,kayubaleq,,???,???,??,1,???,,,342,155,????????,????,?,??????????????
113,20130720,?????,kiyay,,???,???,??,10?12,???,,,323,34,????????,????,?,????????
114,20130720,?????,Ywahbun,,???,???,??,6,???,,,118,43,????????,????,?,????????
115,20130720,????,sqiy,,???,???,??,2?3,???,,,125,114,????????,????,?,
116,20130720,????,Qus,,???,???,??,8?11,???,,,184,168,????????,????,?,
117,20130720,????,Kayway,,???,???,??,7,???,,,17,15,????????,????,?,
118,20130720,????,Cyasi,,???,???,??,4?5,???,,,159,149,????????,????,?,
119,20130720,????,Kin?lwan,,???,???,??,1,???,,,49,44,????????,????,?,
120,20130720,???,Rahu?,,???,???,??,1?3,???,,,321,309,????????,????,?,????????????????????????
121,20130720,?????,Ynbangulay,,???,???,??,6?7,???,,,89,83,????????,????,?,
122,20130720,????,Qapn,,???,???,??,4?5,???,,,91,89,????????,????,?,
123,20130720,?????,Triqan,,???,???,??,8,???,,,39,38,????????,????,?,
124,20130720,????,Gihing,,???,???,??,9?11,???,,,259,254,????????,????,?,
125,20130720,????,Kinyopan,,???,???,??,3?5,???,,,667,397,????????,????,?,????????
126,20130720,????,Hbunqnmi,,???,???,??,12,???,,,239,167,????????,????,?,
127,20130720,????,Rangay,,???,???,??,6,???,,,67,63,????????,????,?,
128,20130720,????,Kobu,,???,???,??,7,???,,,118,94,????????,????,?,
129,20130720,????,Qus,,???,???,??,8,???,,,129,121,????????,????,?,
130,20130720,???,Rgyax Blhuy,,???,???,??,1,???,,,33,28,????????,????,?,
131,20130720,?????,Qmicyan,,???,???,??,2,???,,,84,82,????????,????,?,
132,20130720,?????,qehuy,,???,???,??,3?4,???,,,209,195,????????,????,?,
133,20130720,?????,Basyu,,???,???,??,5?6,???,,,187,179,????????,????,?,????????????????????????
134,20130720,?????,Ksunu?,,???,???,??,7?9,???,,,217,202,????????,????,?,
135,20130720,????,Bilis,,???,???,??,1,???,,,37,34,????????,????,?,
136,20130720,?????,Thokak,,???,???,??,15,???,,,114,105,????????,????,?,
137,20130720,???,Qlilang,,???,???,??,2?4,???,,,7,0,????????,????,?,
138,20130720,???,bnux Aziy,,???,???,??,10~13,???,,,33,0,????????,????,?,
139,20130720,???,Yubang,,???,???,??,8?9,???,,,195,180,????????,????,?,??????????????????
140,20130720,???,Qoyaw,,???,???,??,6,???,,,47,39,????????,????,?,
141,20130720,???,Qoyaw,,???,???,??,5,???,,,115,101,????????,????,?,
142,20130720,??,Slong,,???,???,??,7,???,,,24,15,????????,????,?,
143,20130720,?????,Sbunaw,,???,???,??,7?8,???,,,141,137,????????,????,?,
144,20130720,?????,Piyaway,??,???,???,??,12,???,,,75,70,????????,????,?,???????????????
145,20130720,???,Kgiran,??,???,???,??,11,???,,,33,25,????????,????,?,
146,20130720,?????,Raka,,???,???,??,1,???,,,141,128,????????,????,?,
147,20130720,?????,Suruw,,???,???,??,2,???,,,66,65,????????,????,?,
148,20130720,?????,Qwilan,,???,???,??,6,???,,,132,126,????????,????,?,????????
149,20130720,?????,Uru,,???,???,??,4?5,???,,,193,177,????????,????,?,
150,20130720,?????,Qoli,,???,???,??,3,???,,,27,26,????????,????,?,
151,20130720,?????,Bnay,,???,???,??,9,???,,,49,45,????????,????,?,
152,20130720,??,Ra-go,,???,???,??,10,???,,,38,38,????????,????,?,
153,20130720,?????,Saruc?,,???,???,??,3?4,???,,,181,178,????????,????,?,
154,20130720,??????,Btwan nokan,,???,???,??,5?7,???,,,169,147,????????,????,?,????????
155,20130720,?????,Tglia,,???,???,??,1?2,???,,,79,74,????????,????,?,
156,20130720,????,Zihing,,???,???,??,8?12,???,,,267,254,????????,????,?,
157,20130720,?????,Balong,,???,???,??,910,???,,,432,311,????????,????,?,???????????????
158,20130720,?????,Tayax,,???,???,??,8,???,,,216,165,????????,????,?,????????
159,20130720,?????,Phay,,???,???,??,7,???,,,89,58,????????,????,?,????????????
160,20130720,????,Qara,,???,???,??,11,???,,,250,131,????????,????,?,
161,20130720,?????,Hkawan,,???,???,??,5?6,???,,,183,170,????????,????,?,?????????????????
162,20130720,???,Krahu?,,???,???,??,1?3,???,,,162,123,????????,????,?,?????????????????
163,20130720,?????,Ngurus,,???,???,??,4,???,,,67,63,????????,????,?,
164,20130720,???,Tavatavang ????,,???,????,??,7,???,,,380,367,???????,????,?,????????
165,20130720,???,Davaran ?????,,???,????,??,12,???,,,630,606,???????,????,?,??????????? ??????
166,20130720,???,Tukuvule,,???,????,??,12,???,???,,613,599,???????,????,?,?????? ????????????
167,20130720,???,Stimur,,???,????,??,13,???,,,1665,1554,???????,????,?,??????
168,20130720,???,Tailaking,,???,????,??,8,???,???,,814,722,???????,????,?,???????? ????????? ????????
169,20130720,??,Sagaran,,???,????,??,5,???,,,677,638,???????,????,?,????????
170,20130720,????,Valjulu,,???,????,??,8,???,,,387,375,???????,????,?,?????? valjulu?????? ????????
171,20130720,??,Djineljepan,,???,????,??,4,???,,,525,488,???????,????,?,??????;?????????;???????????????????
172,20130720,??,Duwasawasai Cavake,,???,????,??,5,???,,,880,792,???????,????,?,???????? ???????????????? ????????????????
173,20130720,??,Talamakau,,???,????,??,7,???,,,746,700,???????,????,?,???????? ?????????????
174,20130720,??,Vedai,,???,???,??,4~10,???,,,730,717,???????,????,?,????????
175,20130720,????,Kabalelathane,,???,???,??,1~3,???,,,360,352,???????,????,?,????????
176,20130720,??,Adiri,,???,???,??,1~4,???,,,246,242,???????,????,?,???????? ???????????????? ?????????????
177,20130720,??,Kudrengere,,???,???,??,11,???,,,174,168,???????,????,?,???????? ????????????
178,20130720,????,Kinulane,,???,???,??,1?2,???,,,136,134,???????,????,?,????????
179,20130720,??,Karamumudesane,,???,???,??,1~5,???,,,363,359,???????,????,?,???????? ??????????????
180,20130720,????,Labuane,,???,???,??,1~4,???,,,468,455,???????,????,?,???????? ?????????????????
181,20130720,??,Kucapungane,,???,???,??,1~4,???,,,365,358,???????,????,?,???????? ???????????? ???????????????
182,20130720,???,Kazangilgan,,???,???,??,1~11,???,,,1056,1002,???????,????,?,???????? ?????????? ??????????????
183,20130720,???,lziuci laulauzang,,???,???,??,11~16,???,,,696,640,???????,????,?,???????? ?????????????? ???????????? ??????????????
184,20130720,???,Iziu ci ve che kache kadan,,???,???,??,5~10,???,,,930,890,????????,????,?,?????????? ????????????????? ????????? ?????????????????
185,20130720,???,Paiywan,,???,???,??,1~6,???,,,519,500,???????,????,?,????????
186,20130720,???,wakaba,,???,???,??,1~11,???,,,1227,1227,???????,????,?,???????? ?????????? ???????????????? ??????????????
187,20130720,???,Masilid,,???,???,??,1~10,???,,,977,897,???????,????,?,???????? ????????? ????????????? ????????? ?????????? ??????????? ?????????????????? ???????????????????????
188,20130720,???,Makazayazaya,,???,???,??,1~8,???,,,389,379,???????,????,?,???????? ?????????????? ????????????????
189,20130720,???,lziu ci zayazayang,,???,???,??,1~4,???,,,700,660,????????,,?,?????????????? ???????????? ??????????????
190,20130720,????,kaviyangan,,???,???,??,1~5,???,,,711,677,???????,????,?,????????
191,20130720,????,masisi,,???,???,??,6?7,???,,,285,203,???????,????,????,????????
192,20130720,???,kulalalc,,???,???,??,1~10,???,,,770,739,???????,????,?,????????
193,20130720,???,qapedang,,???,???,??,1~7,???,,,1134,1089,???????,????,?,???????? ????????
194,20130720,???,puljti,,???,???,??,1~5,???,,,452,439,???????,????,?,????????
195,20130720,???,Kazazaljan,,???,???,??,1~11,???,,,931,895,???????,????,?,???????? ???????????????
196,20130720,????,Piuma,,???,???,??,1~7,???,,,690,652,???????,????,?,????????
197,20130720,?????,Tjalja-avus,,???,???,??,1~18,???,,,1123,1123,???????,????,?,??????????????????????????????????????????????????????????
198,20130720,?????,Tjana-asiya,,???,???,??,1~4,???,,,105,105,???????,????,?,????????
199,20130720,???,Cuavalive,,???,???,??,5,???,,,34,34,???????,????,?,
200,20130720,?????,Siljevavav,,???,???,??,6,???,,,47,47,???????,????,?,???????????
201,20130720,???,Calasiv,,???,???,??,1~4,???,,,140,140,???????,????,?,????????
202,20130720,????,Cuaqau,,???,???,??,5~7,???,,,67,67,???????,????,?,????????
203,20130720,????,Ul jal jau,,???,???,??,7~17,???,,,1275,1275,???????,????,?,?????????????????????????????????????
204,20130720,????,Tjua-qal jaz,,???,???,??,1~6,???,,,125,125,???????,????,?,????????
205,20130720,????,Pucunug,,???,???,??,1~8,???,,,1108,1108,???????,????,?,???????? ???????????????? ??????????????
206,20130720,????,Vungalide,,???,???,??,1~14,???,,,1163,1163,???????,????,?,????????
207,20130720,????,Cukalatju,,???,???,??,1~19,???,,,1581,1581,???????,????,?,????????????????????????
208,20130720,???,Kasuga,,???,???,??,12,???,,,1091,1082,???????,????,?,?????????????????????????????????????????????
209,20130720,???,Seveng,,???,???,??,5,???,,,446,445,???????,????,?,???????????????
210,20130720,???,Kuabale,,???,???,??,10,???,,,809,802,???????,????,?,??????????????????????????
211,20130720,???,Tjuvckadan,,???,???,??,14,???,,,1048,997,???????,????,?,????????
212,20130720,????Tjuvckadan?????,pailjus,,???,???,??,,???,,,0,0,????????,????,?,?????????????????69???????
213,20130720,????Tjuvckadan?????,laleklek,,???,???,??,,???,,,0,0,???????,????,?,63????????????????????69???????
214,20130720,???,Kinaliman,,???,???,??,14,???,,,733,722,???????,????,?,???????????????
215,20130720,???,Laleklek,,???,???,??,10,???,,,564,556,???????,????,?,????????
216,20130720,??,Tjauvuwvulj,,???,???,??,1~6,???,,,271,251,????????,????,?,????????
217,20130720,????,Tjuladu,,???,???,??,1~6,???,,,428,415,????????,????,?,????????
218,20130720,??,Pungljuljan,,???,???,??,1~7,???,,,708,673,????????,????,?,???????? ?????????
219,20130720,???,Qaciljai,,???,???,??,4~6,???,,,98,91,???????,????,?,?????????
220,20130720,??,Tjaqaciljai,,???,???,??,1~3,???,,,163,156,????????,????,?,????????
221,20130720,????,Naimalipa,,???,???,??,1~5,???,,,816,801,????????,????,?,?
222,20130720,????,Yunkilu,,???,???,?????,??6~7??8~10,???,,,312,308,????????,????,?,????????
223,20130720,??,Tjakuljakuljai,,???,???,??,1?2?3?6?8,???,,,974,937,????????,????,?,????????
224,20130720,??,Tjuruquwai,,???,???,??,1~5,???,,,329,301,???????,????,?,????????
225,20130720,????,Le mi iau,,???,???,??,4?5,???,,,151,149,????????,????,????,????????
226,20130720,??,Cinakaran,,???,???,??,910,???,,,121,116,????????,????,????,????????
227,20130720,??,Supaw,,???,???,??,1~8,???,,,643,627,????????,????,?,????????
228,20130720,????,pungudan,,???,???,??,9~11,???,,,368,333,????????,????,?,????????
229,20130720,???,kapanan,,???,???,??,3~8,???,,,1198,1082,????????,????,?,????????
230,20130720,????,tjisavan savalivali,,???,???,??,1?2,???,,,276,250,????????,????,?,????????
231,20130720,???,sinvaujan,,???,???,??,5~11,???,,,557,542,????????,????,?,???????? ????????????
232,20130720,???,Varalji,,???,???,??,1~4,???,,,239,231,????????,????,?,????????
233,20130720,???,maliba,,???,???,??,1~7,???,,,481,472,????????,????,?,????????
234,20130720,???,smacharn,,???,???,??,1~8,???,???,,471,352,????????,????,?,????????
235,20130720,???,kuskus,,???,???,??,1~9,???,,,667,628,????????,????,?,????????
236,20130720,???,stagi,,???,???,??,1~10,???,,,705,680,????????,????,?,????????
237,20130720,???,Manutsura,,???,???,??,21,???,,,1947,268,????????,????,?,????????
238,20130720,???,pakelu,,???,???,??,17,???,???,,1550,176,????????,????,???,????????
239,20130720,???,tilusug,,???,???,??,12,???,,,492,174,????????,????,?,????????
240,20130720,???,hiyannaa,,???,???,??,1?2?8,???,,,639,65,????????,????,?,
241,20130720,???,padriw,,???,???,??,14~16,???,,,808,594,????????,????,?,?????????
242,20130720,???,shiyamari,,???,???,??,22,???,,,1736,376,????????,????,?,????????
243,20130720,???,lincajan,,???,???,??,7,???,,,430,50,????????,????,?,????????
244,20130720,???,ljiljiran,,???,???,??,6,???,,,348,40,????????,????,?,????????
245,20130720,???,dalukung,,???,???,??,1~13,???,,,907,360,????????,????,?,????????
246,20130720,????,Dum-bu-Daigaz,,???,???,??,1,???,,,401,363,????????,????,????,????????       ?????????
247,20130720,?????,I-lau-san,,???,???,??,2?5,???,,,401,273,????????,????,????,????????       ?????????
248,20130720,?????,Valana,,???,???,??,3,???,,,145,128,????????,????,????,????????       ?????????
249,20130720,???,Habilan,,???,???,??,6,???,,,242,143,????????,????,????,????????       ?????????
250,20130720,????,Nihum-bu,?????,???,???,??,1?14,???,,,1949,576,????????,????,???,????????    ??????
251,20130720,????,Sail-dunng,?????,???,???,??,1?5,???,,,809,405,????????,????,????,????????
252,20130720,????,Mmaha-vun,,???,???,??,5?9,???,??,,1244,886,????????,????,????,??????      ????????
253,20130720,????,Kail-buan,,???,???,??,1?3,???,??,,658,607,????????,????,????,??????      ????????
254,20130720,??????,Aliputong,,???,???,??,4,???,,,271,264,????????,????,????,??????????????         ????????
255,20130720,????,Lulu-na,,???,???,??,1?5,???,,,1616,1378,????????,????,?,????????    ????????
256,20130720,????,Halusipun,,???,???,??,6,???,,,118,0,????????,????,?,????????    ????????
257,20130720,????,Sinaba-lan,,???,???,??,1?6,???,,,771,671,????????,????,?,????????
258,20130720,????,I-singan,,???,???,??,1?7,???,,,827,809,????????,????,????,????????    ???????
259,20130720,????,LoLogu,?????,???,???,??,1?5,???,,,1052,986,????????,????,????,???????????            ????????
260,20130720,????,Hung-gu,,???,???,??,6,???,,,157,144,????????,????,?,???????????            ????????
261,20130720,?????,Tanmu-nguan,,???,???,??,7?10,???,,,358,166,????????,????,?,????????
262,20130720,??? ?????,Dama-luwan,,???,???,??,1?5,???,,,1114,1021,????????,????,?,????????  ????????   ?????????????
263,20130720,????,Lailaluan,??????,???,???,??,1?4,???,,,713,679,????????,????,?,????????
264,20130720,??,Mukabubl,,???,???,??,1?8,???,,,310,260,????????,????,?,????????
265,20130720,?????,Malepa,???,???,???,??,1?6,???,,,630,615,????????,????,?,????????
266,20130720,????,Gnayi,,???,???,??,10?12,???,,,359,332,????????,????,?,????????
267,20130720,????,Mastoboan,,???,???,??,1?7,???,,,132,101,????????,????,?,????????        ??????
268,20130720,??,Gobax,,???,???,??,8?9,???,,,313,294,????????,????,?,?
269,20130720,??,Vai,,???,???,??,10,???,,,124,99,????????,????,?,?
270,20130720,??,Bngala,,???,???,??,1?6,???,,,458,405,????????,????,?,???????? ??????
271,20130720,??,Nakahara,,???,???,??,1?15,????,,,694,668,????????,????,?,????????
272,20130720,????,Gluban,,???,???,??,16?22,????,,,635,535,????????,????,?,????????
273,20130720,????,Sdringan,,???,???,??,1?7,????,,,996,926,????????,????,?,????????
274,20130720,?????,?,,???,???,??,8?16,????,,,568,70,????????,????,?,?????????
275,20130720,??,Paran,,???,???,??,13,???,,,1217,458,????????,????,?,????????
276,20130720,??,Shuing,,???,???,??,1~10,????,,,1233,1140,????????,????,?,????????
277,20130720,????,Bowalon,,???,???,??,2~7?18,????,,,739,732,???????,????,?,????????
278,20130720,????,Toda,,???,???,??,8?17,????,,,745,731,???????,????,?,????????
279,20130720,????,Lukudaya,,???,???,??,1,????,,,191,87,???????,????,?,?
280,20130720,????,Truwan,,???,???,??,8?9,????,,,132,113,????????,????,?,?
281,20130720,?????,Sadu,,???,???,??,5?7,????,,,341,332,????????,????,?,????????
282,20130720,?????,Sadu,,???,???,??,1?4,????,,,301,294,????????,????,?,????????
283,20130720,????,Phnawan,,???,???,??,22,???,,,147,117,????????,????,?,?
284,20130720,????,Inago,,???,???,??,13?17,????,,,500,486,????????,????,?,????????
285,20130720,????,Pananawan,,???,???,??,1?12?   18?21,???,,,764,669,????????,????,?,????????
286,20130720,????,Gogowa,,???,???,??,1?10,???,,,749,696,????????,????,?,????????
287,20130720,????,Vokai,,???,???,??,9,???,,,966,926,????????,????,?,????????
288,20130720,????,Gatu,,???,???,??,11,???,,,1083,981,????????,????,?,????????
289,20130720,?????,Barawbaw,,???,???,??,1~10,??,,,970,320,???????,????,??,????????
290,20130720,????,Knlibu,,???,???,??,1~8,????,,,617,610,???????,????,?,????????
291,20130720,??,Gukul,,???,???,??,9~14,????,,,468,458,???????,????,?,????????
292,20130720,??,Qnragan,,???,???,??,15~16,????,,,96,114,???????,????,?,
293,20130720,???,Dgarung,,???,???,??,7~13,????,,,914,960,???????,????,???,????????
294,20130720,???,Tkijig,,???,???,??,1~6,????,,,373,369,???????,????,???,???????? ???????????
295,20130720,??,Psngan,,???,???,??,5~8?10?11,????,,,711,695,???????,????,????,???????? ????????????
296,20130720,??,Alang Tmbarah,,???,???,??,9,????,,,381,373,???????,????,?,?????????????
297,20130720,??,Kulu,,???,???,??,1~4,????,,,674,697,???????,????,?,????????? ????????????
298,20130720,????,Bsuring,,???,???,??,4~14,????,,,1519,1496,???????,????,?,????????
299,20130720,??,Tpuqu,,???,???,??,1~3,????,,,498,483,???????,????,?,????????
300,20130720,??,Pratan,,???,???,??,10~15,????,,,732,709,????????,????,?,????????
301,20130720,??,Qowgan,,???,???,??,1~9,????,,,1298,1271,???????,????,?,?????????? ???????????
302,20130720,??,Kdusan,,???,???,??,1~8,????,,,945,953,???????,????,?,????????
303,20130720,????,Pajiq,,???,???,??,1~11,????,,,1164,1211,???????,????,?,????????
304,20130720,??,Mqmgi,,???,???,??,7~12,????,,,803,785,???????,????,?,mqmgi????????
305,20130720,??,Ibuh,,???,???,??,1~6,????,,,603,582,???????,????,?,mqmgi???????? ????????
306,20130720,????,Tmunan,,???,???,??,1~6,????,,,714,751,???????,????,?,???????? ???????????
307,20130720,?????,Myawan,,???,???,??,7,????,,,150,150,???????,????,?,????????? ?????????????
308,20130720,????,Branaw,,???,???,??,8~12,????,,,401,411,???????,????,?,????????
309,20130720,??,????,,???,???,??,6~7,????,,,319,303,????????,????,?,????????
310,20130720,??,????Rubas?,,???,???,??,1~5,????,,,466,443,????????,????,?,????????
311,20130720,??,????,,???,???,??,1~2,????,,,339,327,????????,????,?,????????
312,20130720,??,???,,???,???,??,3~5,????,,,328,308,????????,????,?,?????????
313,20130720,??,???,,???,???,??,6~8,????,,,112,106,????????,????,?,
314,20130720,??,Kumuan ???,,???,???,??,1~5,???,,,557,540,????????,????,?,????????
315,20130720,??,???,,???,???,??,6~8,???,,,603,591,????????,????,?,???????? ????????
316,20130720,??,??,,???,???,??,9,???,,,271,266,????????,????,?,????????
317,20130720,??,??,,???,???,??,1~3,????,,,344,328,???????,????,?,????????
318,20130720,??,??,,???,???,??,4~6,????,,,428,407,???????,????,?,????????
319,20130720,??,??,,???,???,??,7~9,????,,,420,399,???????,????,?,????????
320,20130720,??,??,,???,???,??,10~12,????,,,214,399,???????,????,?,????????
321,20130720,??,????,,???,???,??,6~8,????,,,513,482,???????,????,?,????????
322,20130720,??,???,,???,???,??,1~5,????,,,413,392,???????,????,?,
323,20130720,????,??,,???,???,??,1,????,,,164,156,???????,????,?,
324,20130720,????,??,,???,???,??,5~9,????,,,302,209,???????,????,?,
325,20130720,????,??,,???,???,??,10~11,????,,,385,370,???????,????,?,
326,20130720,????,Duq Pu San,,???,???,??,1~13,???,???,,704,674,???????,????,?,???????? ??????????????
327,20130720,??,Swa Sal,,???,???,??,1~10,????,,,699,676,????????,????,?,????????
328,20130720,????,Du Da,,???,???,??,11~19,???,,,681,657,????????,????,?,????????
329,20130720,????,Ta Vi La,,???,???,??,1~7,???,,,406,402,????????,????,?,????????
330,20130720,????,Na Ka Hi La,,???,???,??,8~14,???,,,502,484,????????,????,?,????????
331,20130720,????,1.Pa Ni Taz????2.Sin Kan????,,???,???,??,1~14,???,,,932,838,????????,????,?,????????
332,20130720,????,Sai Ku,,???,???,??,1~8,???,,,566,545,????????,????,?,????????
333,20130720,????,Tak Luk,,???,???,??,9~20,???,,,873,808,????????,????,?,????????
334,20130720,????,Lun Teng,,???,???,??,1~11,???,,,564,545,????????,????,?,????????
335,20130720,??,Qun Hung Ngaz,,???,???,??,12~21,???,,,478,446,????????,????,?,????????
336,20130720,????,Si Ki Hi Ki,,???,???,??,22~26,???,,,235,217,????????,????,?,????????
337,20130720,???,Cupow????,,???,???,??,1~13,???,,,1800,681,???????,????,?,???????? ??????
338,20130720,???,Takupoang??????,,???,???,??,1~13,???,,,1299,211,???????,????,????,???????? ????????????
339,20130720,???,Cipaukan?????,,???,???,??,1~28,???,,,6735,906,???????,????,???,???????? ????????????
340,20130720,?(???)?,Tasutasunan (?????),,???,???,?(???),1~29,???,,,6875,679,???????,????,????,???????? ?????????????????? ??????
341,20130720,???,Kenwy?????,,???,???,??,1~47,???,,,6236,453,???????,????,???,???????? ?????????? ??????
342,20130720,???,Parparlan???????,,???,???,??,1~23,???,,,4403,352,???????,????,???,???????? ??????????????? ??????
343,20130720,???,Singsya????,,???,???,??,1~13,???,,,2033,270,???????,????,?,???????? ??????
344,20130720,???,Lasutan?????,,???,???,??,1~35,???,,,5021,458,???????,????,?,???????? ??????
345,20130720,???,Cikep?????,,???,???,??,1~22,???,,,3094,507,???????,????,???,????????
346,20130720,???,Twapon????,,???,???,??,1~29,???,,,3871,544,???????,????,???,????????
347,20130720,???,Kanian?????,,???,???,??,1~26,???,,,4510,415,???????,????,???,????????
348,20130720,?????????,Ciko????,,???,???,??,7~16,???,,,7386,888,???????,????,????,????????
349,20130720,???,Kalinko,,???,???,???,1~46,????,,,1726,1726,???????,????,????,????????
350,20130720,????,??,,???,???,??,1~36,???,,,2258,764,???????,,??,
351,20130720,????,???,,???,???,??,1~11,???,,,796,253,???????,,?,
352,20130720,????,???,,???,???,??,1~22,???,,,1078,510,???????,,??,
353,20130720,???,???,,???,???,??,1~42,???,,,3503,991,???????,,?,
354,20130720,???,??,,???,???,??,2~30,???,,,1510,226,???????,????,??,????????
355,20130720,???,??,,???,???,??,1~29,???,,,2259,927,???????,,??,
356,20130720,???,???,,???,???,??,7,???,,,310,194,,????,??,
357,20130720,???,???,,???,???,??,24~33,???,,,1267,689,,????,??,
358,20130720,???,???,,???,???,??,7~14,???,,,412,245,,????,??,
359,20130720,???,??,,???,???,??,16~22,???,,,386,209,,????,??,
360,20130720,???,??,,???,???,??,1~16,???,,,976,170,????????,????,?,
361,20130720,???,????,,???,???,???,30~33,???,,,2259,243,???????,????,?????,?????????
362,20130720,????,Lidaw,,???,???,??,1~16,???,,,3983,1237,???????,????,????,???????? ?????????????
363,20130720,???,Taracan,,???,???,??,16~24,???,,,1991,619,???????,????,????,
364,20130720,??,Pokpok,,???,???,??,1~40,???,,,6754,1047,???????,????,????,
365,20130720,????,Funer,,???,???,??,1~32,???,,,4533,958,???????,????,????,????????
366,20130720,??,Gka Suan,,???,???,??,1~27,???,????,,4104,931,???????,????,????,?????????????
367,20130720,????,Mafowakay,,???,???,??,1~16,???,,,1885,398,???????,????,????,
368,20130720,?????,Nataoran,,???,???,??,1~23,???,,,4510,1353,???????,????,????,???????? ???????? ???????? ??????? ???????? ????????????
369,20130720,????,Hacining,,???,???,??,1~12,???,????,,1446,461,???????,????,????,
370,20130720,?????,Cikeliwan,,???,???,??,1~19,???,,,3294,245,???????,????,????,
371,20130720,????,Ciliponan,,???,???,??,1~50,???,????,,6974,854,???????,????,????,
372,20130720,????,Pahikokian,,???,???,??,1~36,???,,,5060,582,???????,????,????,
373,20130720,?????,Citekodan,,???,???,??,1~19,???,,,3294,249,???????,????,????,
374,20130720,????,Pahikokian,,???,???,??,1~16,???,,,2520,552,???????,????,????,
375,20130720,????,Sirakesay,,???,???,??,1~29,???,,,4472,346,???????,????,????,
376,20130720,??,Atolan,,???,???,??,1~16,???,,,1593,378,???????,????,????,
377,20130720,????,Kongkong,,???,???,??,1~22,???,????,,3114,537,???????,????,????,
378,20130720,????,Fulufulu?an,,???,???,??,1~18,???,????,,4924,548,???????,????,??,
379,20130720,????,???,,???,???,??,3~8,???,?????,,384,263,???????,????,???,????????
380,20130720,????,Lipic,,???,???,??,3~14,???,,,74,66,????????,????,?,????????
381,20130720,????,Paterongan,,???,???,??,4~8,????,,,403,314,???????,????,???,???????? ??????????
382,20130720,????,Malaloon,,???,???,??,9~12,???,,,376,337,???????,????,?,????????
383,20130720,????,???Fakong?,,???,???,??,1?2?6~12,???,,,1752,1074,???????,????,???,???????? ????????
384,20130720,??,??? (Tingalao),,???,???,??,21~28,???,,,422,422,???????,????,?,????????
385,20130720,?????,Haciliwan,,???,???,??,14~16,???,,,2416,117,???????,????,?,????????
386,20130720,????,???Kudic?,,???,???,??,18~20,????,???,,125,119,???????,????,???,????????
387,20130720,?????,Tidaan,,???,???,??,1~3,???,????,,185,125,,????,???,????????
388,20130720,????,???? (Makota'ay),,???,???,??,4~8,???,,,983,711,???????,????,???,???????? ?????????
389,20130720,????,???Cawi?,,???,???,??,4~8,???,,,808,696,???????,????,???,???????? ?????????
390,20130720,?????,Sahfongan,,???,???,??,9,???,,,883,75,???????,????,???,???????? ?????????
391,20130720,????,Ri ho tsv,,???,???,??,1~17,???,,,1306,428,???????,????,?,
392,20130720,????,Tawokag,,???,???,??,1~10,???,,,399,37,???????,????,?,
393,20130720,????,Cealalupalan tdlu(??),,???,???,??,1~29,???,,,2416,206,???????,????,?,
394,20130720,????,Talu????,,???,???,??,1~12,???,,,1695,261,???????,????,?,
395,20130720,????,Tdlu????,,???,???,??,1~15,???,,,1121,294,???????,????,?,
396,20130720,????,1.Ceamgan????2.Sanasac????,,???,???,??,1~22,???,,,2033,686,???????,????,?,
397,20130720,????,? (??????????),,???,???,??,1~11,???,,,765,152,???????,????,?,
398,20130720,????,Rinahem(????),,???,???,??,1~14,???,,,1003,842,???????,????,?,???????? ?????
399,20130720,????,Banaw,,???,???,??,1~20,???,,,1002,460,???????,????,????,???????? ?????????????
400,20130720,????,Adtoman,,???,???,??,1~25,???,,,1676,366,???????,????,?,
401,20130720,????,Cehak?????,,???,???,??,1~24,???,,,3114,383,???????,????,?,????????????????
402,20130720,????,Cehapian?????,,???,???,??,1~8,???,,,323,171,???????,????,?,
403,20130720,???,Cililasay?????,,???,???,??,1~7?18,???,,,519,405,???????,????,???,
404,20130720,???,Ciapaloay?????,,???,???,??,8~17,???,,,501,361,???????,????,?,
405,20130720,????,Tomay?????,,???,???,??,1~10,???,,,659,276,???????,????,?,
406,20130720,????,Ciwidian?????,,???,???,??,1~26,???,,,1021,605,???????,????,?,
407,20130720,????,Cingalo'an,,???,???,??,1~3?6~15,???,,,1741,702,???????,????,?,???????? ??????????????
408,20130720,????,Cirakayan,,???,???,??,3~10,???,,,328,211,???????,????,?,????????
409,20130720,????,Cihafayyan,,???,???,??,11~15,???,,,309,200,???????,????,?,????????
410,20130720,????,Sariwsiw,,???,???,??,112,???,,,1652,213,???????,????,?,??????????
411,20130720,????,Dangahang,,???,???,??,312,???,,,1305,212,???????,????,?,????????
412,20130720,????,Cilo'ohay,,???,???,??,1~15,???,,,162,71,???????,????,?,
413,20130720,?????,Kaloton?,???,???,???,??,17~21,???,,,235,203,???????,????,?,?????????
414,20130720,???,Atomo?,???,???,???,??,11~16,???,,,265,255,???????,????,?,
415,20130720,?????,Tafalon,,???,???,???????,?36?,???,,,3505,2734,???????,????,?,??????????? ????????????? ??????????????
416,20130720,????,Sano?,???,???,???,??,8~14,???,,,505,485,???????,????,?,????????
417,20130720,???,Alo?lon,???,???,???,??,1718,???,,,69,62,???????,????,?,
418,20130720,????,Mahor,???,???,???,??,7~16,???,,,407,305,???????,????,?,
419,20130720,??,Ci?okakay,,???,???,??,1~10,???,,,656,274,???????,????,?,????????
420,20130720,??,Lasuo?ay,,???,???,??,1~15,???,,,1021,322,???????,????,?,????????
421,20130720,????,Fata?n.permo?n.Cacifon?.taporu.makerlann,,???,???,???????????,?60,???,,,5660,2682,???????,????,?,???????????????????
422,20130720,??,Kiwit,,???,???,??,1~6,???,,,481,435,???????,????,?,????????
423,20130720,??,???? (Lacihakan),,???,???,??,2~512~15,???,,,839,338,???????,????,?,????????
424,20130720,??,??? (Morocan),,???,???,??,1~418~20,???,,,430,319,???????,????,?,????????
425,20130720,??,??? ?Atolan?,,???,???,??,5~10,???,,,400,300,???????,????,?,????????
426,20130720,??,??? (langasan),,???,???,??,11~17,???,,,406,309,???????,????,?,????????
427,20130720,??,??? (Kagkoga),,???,???,??,1~79~15,???,,,1100,403,???????,????,?,???????? ???????????
428,20130720,??,??? (Tamayan),,???,???,??,1~8,???,,,726,304,???????,????,?,????????
429,20130720,??,????Olalip?,,???,???,??,4~811~16,???,,,534,370,???????,????,?,????????
430,20130720,??,???Olaw?,,???,???,??,17~2024~27,???,,,535,374,???????,????,?,????????
431,20130720,??,????Maifor?,,???,???,??,4~615,???,,,378,248,???????,????,?,????????
432,20130720,??,??? ?Sapat?,,???,???,??,1~313~14,???,,,1000,150,,????,?,????????
433,20130720,??,????Kalala?,,???,???,??,7~11,???,,,429,300,???????,????,?,????????
434,20130720,??,?? ?Ukang?,,???,???,??,1~914~21,???,,,2510,315,,????,?,????????
435,20130720,??,???Fanaw?,,???,???,??,5~10,???,,,699,216,???????,????,?,????????
436,20130720,??,??? (Nalowan),,???,???,??,1~20,???,,,2386,468,???????,????,?,????????
437,20130720,??,???Onsing?,,???,???,??,2~15,???,,,946,257,???????,????,?,????????
438,20130720,????,Lingacay,,???,???,??,1~9,???,,,946,635,???????,????,?,???????? ??????????????
439,20130720,????,Ceroh(??),,???,???,??,8~19,???,,,1197,409,???????,????,?,????????
440,20130720,????,Matadim(???),,???,???,??,1~7,???,,,1197,234,???????,????,?,????????
441,20130720,????,Lohok,,???,???,??,15~25,???,,,2247,501,???????,????,?,????????
442,20130720,????,Mangcelan,,???,???,??,8~14,???,,,2247,545,???????,????,?,
443,20130720,????,Makutaay,,???,???,??,1~7,???,,,2247,461,???????,????,?,????????
444,20130720,????,Tukar,,???,???,??,15~27,???,,,2306,440,???????,????,?,????????
445,20130720,????,Tali ;ouaw,,???,???,??,1~14,???,,,2306,391,???????,????,?,?????????????????
446,20130720,????,Halawan(???),,???,???,??,11~16,???,,,1390,530,???????,????,?,????????
447,20130720,????,Ancuhy(??),,???,???,??,6~8,???,,,1390,211,???????,????,?,????????
448,20130720,????,Sedeng,,???,???,??,9~21,???,,,1411,168,???????,????,?,
449,20130720,????,Telong(??),,???,???,??,1~12,???,,,6814,325,???????,????,?,
450,20130720,?????,Satefo(???),,???,???,??,10~14,???,,,946,132,???????,????,?,
451,20130720,????,Afih,,???,???,??,5~7,???,,,680,193,???????,????,?,????????
452,20130720,????,Cingcung,,???,???,??,1920,???,,,1390,100,???????,????,?,
453,20130720,????,Cihakan,,???,???,??,2~14,???,,,950,314,???????,????,?,????????
454,20130720,????,?,,???,???,??,20,???,,,2419,40,???????,????,?,
455,20130720,?????,Silangkong,,???,???,??,11~23,???,,,1637,251,???????,????,?,
456,20130720,?????,Pusku,,???,???,??,7,???,,,1690,123,???????,????,?,
457,20130720,????,Takay,,???,???,??,8~13,???,,,1210,64,???????,????,?,
458,20130720,????,Pacewi,,???,???,??,1119,???,???,,231,158,???????,????,?,????????
459,20130720,????,Cira kesay,,???,???,??,30,???,,,263,217,???????,????,?,????????
460,20130720,????,Munating,,???,???,??,513,???,,,273,193,???????,????,?,???????
461,20130720,????,Talampo,,???,???,??,15~17,???,,,268,174,???????,????,?,???????? ????????????????
462,20130720,????,Cilamitay,,???,???,??,5~24,???,,,648,492,???????,????,?,??????? ????????
463,20130720,????,Malowang,,???,???,??,6~9,???,,,458,146,???????,????,?,????????
464,20130720,????,Cingcey,,???,???,??,1011,???,,,320,74,???????,????,?,????????
465,20130720,??,Buklavu(bukzav),,???,???,??,1~9,???,,,776,767,????????,????,?,????????
466,20130720,????,Pasikau,,???,???,??,1~11,???,,,1116,1052,????????,????,?,???????? ???????????   ??????????????????
467,20130720,????,Dahdah (vakangn),,???,???,??,1~5,???,,,546,0,????????,????,?,????????
468,20130720,??,Talunas,,???,???,??,211,???,,,40,29,????????,????,?,
469,20130720,??,Sununsung,,???,???,??,1~12,???,,,377,358,????????,????,?,????????
470,20130720,????,pakaluku,Ka-aiuan,???,???,???,3?6,???,,,205,196,???????,????,?,??????
471,20130720,????,pat jal jnuk,madaijalu,???,???,???,1?2,???,,,190,184,???????,????,?,??????
472,20130720,???????,vavulengan,dulutevetevek,???,???,???,3?4,???,,,180,180,???????,????,?,??????
473,20130720,????,mavaliv,maledep,???,???,???,1?9,???,,,160,150,???????,????,?,??????
474,20130720,????,val iyus,tjuluuai,???,???,???,1?9,???,,,176,171,???????,????,?,??????
475,20130720,????,l ivaivai,tjuluuai,???,???,???,7,???,,,140,135,???????,????,?,??????
476,20130720,???,l jal jeel,waljulu,???,???,???,6,???,,,140,134,???????,????,?,??????
477,20130720,????,gi lng,maljvel,???,???,???,7,???,,,150,145,???????,????,?,????????
478,20130720,????,gilin,Kaijatjaran,???,???,???,1?2,???,,,170,154,???????,????,?,????????
479,20130720,????,vaveleang,tJulitJuli,???,???,???,3?5,???,,,185,173,???????,????,?,????????
480,20130720,???,palameran,viljaljau,???,???,???,7?8,???,,,197,189,???????,????,?,????????
481,20130720,????,Kalavayan,paumuli,???,???,???,5?7,???,,,125,120,???????,????,?,????????
482,20130720,?????,pu-tung,sepulju,???,???,???,4,???,,,70,67,???????,????,?,????????
483,20130720,?????,t juavi jaul,sepulju,???,???,???,4?5,???,,,75,69,???????,????,?,????????
484,20130720,??? ??,t jul unavuhavu,sepulju,???,???,???,4?5,???,,,70,64,???????,????,?,????????
485,20130720,?????,tjuda-as,sepulju,???,???,???,1?2,???,,,65,61,???????,????,?,????????
486,20130720,??? ??,segadu,sepulju,???,???,???,1?2,???,,,80,80,???????,????,???,????????
487,20130720,??? ??,pavavalung,sepulju,???,???,???,2?3,???,,,69,66,???????,????,???,????????
488,20130720,?????,kini lukul ian,sepulju,???,???,???,3?4,???,,,55,53,???????,????,???,????????
489,20130720,?????,vuk idj,sepulju,???,???,???,3?4,???,,,80,77,???????,????,???,????????
490,20130720,???,t lukuvl j,tlukuvlj,???,???,???,1?5,???,,,79,77,???????,????,???,????????
491,20130720,????,d jumu lj,patjatjiv,???,???,???,3?4,???,,,60,58,???????,????,???,????????
492,20130720,????,d jumu lj,haumaan,???,???,???,1?2,???,,,70,68,???????,????,???,????????
493,20130720,???,d jumu lj,kangirji,???,???,???,3?4,???,,,70,69,???????,????,???,????????
494,20130720,1.??????     2.?????,d jumu lj,1.pavelev2.haumaan,???,???,???,2,???,,,40,38,???????,????,?,????????
495,20130720,1.??????    2.?????,d jumu lj,1.tjukuvljivin2.haumaan,???,???,???,4,???,,,387,368,???????,????,?,????????
496,20130720,????,luvaniya,lulakes,???,???,???,1?5,???,,,387,368,???????,????,?,????????
497,20130720,????,Liubet j,,???,???,??,4,???,,,378,266,???????,????,???,???????? ?????
498,20130720,????,Oinaljan  Maljipa,,???,???,??,13,???,,,781,640,???????,????,?,???????
499,20130720,??,Tjarilik,,???,???,??,9,???,,,493,372,???????,????,?,???????? ????????
500,20130720,??,Tjuabal,,???,???,??,1?12,???,,,942,876,???????,????,?,????????
501,20130720,?????,Larengeleng,,???,???,??,1314,???,,,81,81,???????,????,?,????????
502,20130720,??,Tjuamanges,,???,???,??,1,???,,,86,72,???????,????,?,????????
503,20130720,??,Tjuaqau,,???,???,??,2?4,???,,,206,191,???????,????,?,????????
504,20130720,??,Tjuavanaq,,???,???,??,5?6,???,,,93,90,???????,????,?,?????????
505,20130720,?????,Larepaq,,???,???,??,7~9,???,,,405,380,???????,????,?,????????
506,20130720,????,Kuvareng,,???,???,??,6,???,,,459,405,???????,????,?,????????
507,20130720,????,Ya you,,???,???,???,1?7,???,,,880,880,????????,????,????,????????
508,20130720,????,I rara ley,,???,???,???,1?7,???,,,784,784,????????,????,????,???????? ????????
509,20130720,????,ian mey lek,,???,???,???,1?12,???,,,1187,1187,????????,????,????,???????? ????????
510,20130720,????,I va li no,,???,???,???,8?13,???,,,0,0,????????,????,???,????????
511,20130720,????,I rara ley,,???,???,???,1?11,???,,,1057,1057,????????,????,????,????????  ????????
512,20130720,????,I ra tie,,???,???,???,1?11,???,,,0,0,????????,????,????,????????    ???????   ????????     ???????
513,20130720,????,Ka na luk,,???,???,??,1?3,???,,,700,375,????????,????,?,????????
514,20130720,????,Ba ci ngul,,???,???,??,6?8,???,,,0,0,????????,????,?,
515,20130720,????,Ka ahcian,,???,???,??,4?5,???,,,0,0,????????,????,?,
516,20130720,??,Kamcig,,???,???,???,1?4,???,,,811,714,????????,????,?,????????        ???????
517,20130720,????,Sunuki,,???,???,???,5?6,???,,,0,0,????????,????,??,
518,20130720,????,Tagbahtastas,,???,???,???,6,???,,,1307,1201,????????,????,?,????????     ?????        ??????
519,20130720,????,Sulaiiat,,???,???,???,7?8,???,,,0,0,????????,????,?,
520,20130720,????,Samuluh,,???,???,???,9?10,???,,,0,0,????????,????,????,
521,20130720,??,Hai tu tun,,???,???,???,3?5,???,,,0,0,????????,????,?,
522,20130720,????,Du Ka,,???,???,???,1?2,???,,,0,0,????????,????,?,
523,20130720,????,Likauwan,,???,???,???,6~8,???,,,1036,947,????????,????,?,????????
524,20130720,????,Kakini,,???,???,???,3?4,???,,,0,0,????????,????,?,
525,20130720,????,Tuabu,,???,???,???,1?2,???,,,0,0,????????,????,?,
526,20130720,????,Vauvu,,???,???,???,5?6,???,,,377,358,????????,????,?,???????????
527,20130720,????,Bul bul,,???,???,???,1~4,???,,,0,0,????????,????,?,????????
528,20130720,????,lid tu,,???,???,???,1~3,???,,,369,341,????????,????,????,????????      ????
529,20130720,??,S asueya,,???,???,???,14?1?3,???,???,,1962,819,???????,????,???,????????
530,20130720,??,Kalalulan,,???,???,???,1?3,???,,,0,0,???????,????,???,?????????????
531,20130720,??,Karoroan,,???,???,???,1?4,???,,,1892,533,???????,????,???,????????
532,20130720,??,P asawaly,,???,???,??,1?4    21?25,???,,,0,0,???????,????,???,??????????  ???????????
533,20130720,????,F alangau,,???,???,???,1?32,???,,,4469,782,???????,????,?,???????????
534,20130720,??,F alangau,,???,???,???,1?40,???,,,7444,1225,???????,????,?,???????????
535,20130720,??,F alangau,,???,???,???,1?33,???,,,5670,375,???????,????,?,???????????
536,20130720,??,I nig,,???,???,???,3?7,???,,,2234,522,???????,????,?,???????????
537,20130720,??,I nig,,???,???,???,15?16,???,,,1851,594,???????,????,?,???????????
538,20130720,??,P apulu,,???,???,???,4?11,???,???,,1150,315,???????,????,?,????????
539,20130720,??,Matag,,???,???,???,1?32,???,,,6140,1946,???????,????,?,???????????
540,20130720,??,Chifafuai,,???,???,???,1?35,???,,,9555,1403,???????,????,?,???????????
541,20130720,??,Siasioray,,???,???,???,3?4?8,???,,,2973,1051,???????,????,?,???????????
542,20130720,??,Arapanay,,???,???,???,9?12,???,,,2831,646,???????,????,?,????????
543,20130720,??,Kakawasan,,???,???,???,8?15,???,,,1074,511,???????,????,???,????????
544,20130720,??,F ukid,,???,???,???,7?14,???,,,2977,1193,???????,????,?,???????????
545,20130720,??,Pugurang,,???,???,???,25?30,???,,,0,0,???????,????,?,???????????
546,20130720,??,P usog,,???,???,???,3?8,???,???,,757,370,???????,????,?,???????????
547,20130720,??,Kaifatuy,,???,???,???,16?17,???,,,2277,890,???????,????,?,??????????????
548,20130720,??,Katatipul,,???,???,???,1?25,???,,,1574,664,???????,????,?,????????
549,20130720,??,S emagan,,???,???,??,14?32,???,,,1660,752,???????,????,???,????????
550,20130720,??,Katatipul,,???,???,???,1?23,???,,,1624,492,???????,????,?,????????
551,20130720,????,F alangau,,???,???,???,1?31,???,,,5000,454,???????,????,?,???????????
552,20130720,??,Puyuma,,???,???,???,4?18,???,,,3116,1244,???????,????,?,????????????         ????????    ???????????
553,20130720,????,Kawaliwali,,???,???,??,1?7,???,,,456,328,???????,????,?,????????
554,20130720,????,Padukapok,,???,???,??,1?7,???,,,1027,335,???????,????,?,????????
555,20130720,????,Dihkoay,,???,???,??,8?9,???,,,212,172,???????,????,?,
556,20130720,????,Muliaw,,???,???,??,1?12,???,,,525,360,???????,????,?,????????
557,20130720,??,Gikuwa?ay,,???,???,??,1?9,???,,,547,151,???????,????,?,
558,20130720,????,Cicala?ay,,???,???,??,1?21,???,,,1734,295,???????,????,?,
559,20130720,????,Fangafangasan,,???,???,??,1?10,???,,,1078,190,???????,????,?,
560,20130720,????,Kebuwa,,???,???,??,1?11,???,,,871,122,???????,????,?,
561,20130720,????,Ciataw,,???,???,??,1?19,???,,,2557,261,???????,????,?,
562,20130720,????,Parupu,,???,???,??,7?10?11~14,???,,,1247,410,???????,????,????,????????
563,20130720,????,Cipurongen,,???,???,??,30~33,???,,,2325,344,???????,????,?,????????
564,20130720,????,Takufan,,???,???,??,1~17,???,,,2216,767,???????,????,?,????????   ???????????
565,20130720,????,Kaadaadaan,,???,???,??,1~17,???,,,725,469,???????,????,?,????????
566,20130720,????,Pakalaan,,???,???,??,1~4,???,,,853,401,???????,????,?,
567,20130720,????,Piilasan,,???,???,??,7,???,,,70,50,???????,????,?,
568,20130720,????,Lefon,,???,???,??,1~13,???,,,1141,433,???????,????,?,
569,20130720,????,Knaahopon,,???,???,??,1~13,???,,,1203,310,???????,????,?,???????????
570,20130720,????,sanniluw,,???,???,??,10?15,???,,,200,150,???????,????,?,
571,20130720,????,Leakn,,???,???,??,1?2,???,,,1625,365,???????,????,?,????????
572,20130720,????,Palayapay,,???,???,??,3~5,???,,,1466,504,???????,????,?,????????
573,20130720,????,Tarumak,,???,???,??,2?21,???,,,1430,1106,???????,????,???,????????
574,20130720,???,Likavung,,???,???,??,1?17,???,,,1280,782,???????,????,?,????????
575,20130720,????,Tamalakau,,???,???,??,1~20,???,,,1378,507,???????,????,?,??????
576,20130720,????,Ulivelivek,,???,???,??,10121429,???,,,1622,495,???????,????,?,???????????
577,20130720,???,Dandanau,,???,???,??,4~11,???,,,1518,323,????????,????,?,?????????
578,20130720,?????,Binaski,,???,???,??,12?18,???,,,2725,531,????????,????,?,?????????
579,20130720,??,1.Kanatolan   (??)      2.Aloran   (??),,???,???,??,1?3(??)?7?11(??)?6(??),???,,,680,422,???????,????,?,??????
580,20130720,??,Likiliki,,???,???,??,1~8,???,,,517,259,???????,????,?,????????
581,20130720,?????,Alibai,,???,???,??,26,???,,,2725,122,???????,????,?,???????
582,20130720,??,Fulafulangan,,???,???,??,12~16,???,,,698,219,???????,????,?,??????
583,20130720,???,,,???,???,??,12?18,,,,3711,688,????????,????,???,??????
584,20130720,??,Koladot,,???,???,??,7~16,???,????,,898,424,???????,????,?,??????
585,20130720,??,Kusahala,,???,???,??,16?17,???,???,,1703,107,???????,????,?,??
586,20130720,?????,Tapowaray,,???,???,??,11~13,???,,,401,401,???????,????,?,??????
587,20130720,???,Sadipogan,,???,???,??,8~10,???,,,78,78,???????,????,?,??????
588,20130720,????,Makrahay,,???,???,??,1~5,???,,,559,559,???????,????,?,??????
589,20130720,????,Ciwkagan,,???,???,??,19~29,???,,,2620,726,???????,????,?,??????
590,20130720,????,Morenos,,???,???,??,2~5,???,,,1247,241,???????,????,?,??????
591,20130720,???,Pakara'ac,,???,???,??,15~20,???,,,509,509,???????,????,?,??????
592,20130720,???,Pasogan,,???,???,??,3~5,???,,,7163,290,???????,????,?,??????
593,20130720,????,Kinanoka,,???,???,??,6~8,???,,,399,399,???????,????,?,??????
594,20130720,?????,Cdatayay,,???,???,??,12~14,???,,,250,250,???????,????,?,??????
595,20130720,??,Ta?man,,???,???,??,15?16,???,,,409,409,???????,????,?,??????
596,20130720,??,Tsazapongai,,???,???,??,17,???,,,83,83,???????,????,?,??
597,20130720,????,Sa?aniwan,,???,???,???,9~16,???,,,336,295,???????,????,?,????????       ?????
598,20130720,????,Tomiac,,???,???,???,1~8,???,,,492,434,???????,????,?,????????       ?????
599,20130720,?????,Awawan,,???,???,???,13-14,???,,,222,92,???????,????,?,????????     ???????
600,20130720,?????,Dadowcen,,???,???,???,12,???,,,133,99,???????,????,?,????????     ???????
601,20130720,????,Folalacay,,???,???,???,7~11,???,,,327,167,???????,????,?,????????     ???????
602,20130720,????,Misalo,,???,???,???,1~6,???,,,676,440,???????,????,?,????????     ???????
603,20130720,?????,Pisirian,,???,???,???,11~24,???,,,965,649,???????,????,?,????????
604,20130720,????,Kihaw,,???,???,???,9,???,,,156,69,????????,????,?,????????
605,20130720,????,Cirarlkohay,,???,???,???,1~4,???,,,817,578,???????,????,?,????????
606,20130720,???,Makawdaw,,???,???,???,1~27,???,,,3552,2114,???????,????,?,????????
607,20130720,????,,,???,???,???,1?25,???,,,2545,294,,,,
608,20130720,????,Ciliksay,,???,???,???,1?38,???,,,3002,650,???????,????,?,
609,20130720,????,Mili?iway,,???,???,???,6,???,,,87,84,???????,????,?,
610,20130720,????,Kahciday,,???,???,???,3~5,???,,,267,220,???????,????,?,
611,20130720,????,Pa'pian,,???,???,???,7?11,???,,,385,323,???????,????,?,
612,20130720,?????,Fafungang,,???,???,???,1~2,???,,,218,178,???????,????,?,
613,20130720,????,Paongaongan,,???,???,???,22?27,???,,,504,410,???????,????,?,????????
614,20130720,????,Torik,,???,???,???,9~21,???,,,1197,1026,???????,????,?,????????
615,20130720,????,Piyoxo,,???,???,???,1~8,???,,,669,467,???????,????,?,????????
616,20130720,????,Et'olan,,???,???,??,1~48,???,,,2473,1320,???????,????,?,????????????????? ???????????????? ??????? ????????? ???????? ???????????????
617,20130720,????,Pa?anifong,,???,???,??,1~33,???,,,1167,655,???????,????,?,???????? ????????
618,20130720,????,Kanifangal,,???,???,??,1~20,???,,,646,393,???????,????,?,????????
619,20130720,????,Fafukod,,???,???,??,1~22,???,,,1242,867,???????,????,?,???????? ????????????????
620,20130720,????,A'lapawan,,???,???,??,1~32,???,,,1779,1083,???????,????,?,???????? ??????????????
621,20130720,?????,Asiruay,,???,???,??,1~8,???,,,596,410,???????,????,?,????????
622,20130720,????,Huwak,,???,???,??,9~16,???,,,404,149,???????,????,?,????????
623,20130720,????,Glafinan,??,???,???,??,17~33,???,,,752,386,???????,????,?,????????
624,20130720,??????,Sena?Tingalawy,,???,???,??,34~47,???,,,331,716,???????,????,?,????????
625,20130720,????,Ma'olawy,,???,???,??,1~15,???,,,297,123,???????,????,?,
626,20130720,????,Kanasor,,???,????,??,9~12,???,,,835,365,????????,????,?,????????
627,20130720,????,Lupagatj,,???,????,??,2?6,???,,,411,262,???????,????,?,????????
628,20130720,????,Tjavualji,,???,????,??,1~10?20,???,,,1706,788,???????,????,?????,???????? ???????
629,20130720,?????,Takiljis,,???,????,??,12?15,???,,,484,204,???????,????,?,
630,20130720,?????,Lalauran,,???,????,??,12?15,???,,,344,159,???????,????,?,????????
631,20130720,??????,Sasaljak,,???,????,??,8?11,???,,,439,181,???????,????,???,????????
632,20130720,????,Kanalung,,???,????,??,1?10?13,???,,,2473,1018,???????,????,?,????????
633,20130720,??????,Cilalugai,,???,????,??,14,???,,,438,205,???????,????,?,????????
634,20130720,????,Padrangidrangi,,???,????,??,15?17,???,,,599,262,???????,????,?,??????????
635,20130720,????,Calavig,,???,????,??,1?10,???,,,626,304,???????,????,?,????????
636,20130720,????,Tjatjigel,,???,????,??,11?21,???,,,1421,554,???????,????,?,????????
637,20130720,?????,???,,???,???,???,1?4,???,,,149,149,???????,????,?,????????
638,20130720,?????,Kavayavayan,,???,???,???,5?8,???,,,235,235,???????,????,?,????????
639,20130720,????,????,,???,???,???,9?11,???,,,123,123,???????,????,?,????????
640,20130720,?????,????,,???,???,???,12?13,???,,,190,190,???????,????,?,????????
641,20130720,?????,Qeceling,,???,???,???,14?17,???,,,255,255,???????,????,?,????????
642,20130720,????,???,,???,???,???,1?16,???,,,1312,1312,???????,????,?,????????
643,20130720,????,Kuceng,,???,???,???,16?18,???,,,125,125,???????,????,?,????????
644,20130720,????,?????,,???,???,???,19?22,???,,,67,67,????????,????,?,????????
645,20130720,????,???,,???,???,???,17?18,???,,,137,137,????????,????,?,????????
646,20130720,?????,???,,???,???,???,24?25,???,,,249,249,???????,????,?,????????
647,20130720,????,????,,???,???,???,3?13,???,,,366,366,???????,????,?,????????
648,20130720,?????,Ta chis,,???,???,??,6~10,???,,,425,417,????????,????,?,????????
649,20130720,???,G gliaha,,???,???,??,11~13,???,,,230,226,????????,????,?,????????
650,20130720,?????,I sabudai,????,???,???,??,1~3,???,,,172,168,????????,????,?,????????
651,20130720,???,Gu lou,,???,???,??,4?5,???,,,209,206,????????,????,?,????????
652,20130720,????,Ta lah,,???,???,??,2~7,???,,,726,576,????????,????,????,????????
653,20130720,????,S g bwh,,???,???,??,1,???,,,34,34,????????,????,?,????????
654,20130720,??,G ba,,???,???,??,8,???,,,86,86,????????,????,????,????????
655,20130720,????,Sha noh,,???,???,??,2~6,???,,,788,491,????????,????,????,????????
656,20130720,????,Ta ma lon,??,???,???,??,1?8,???,,,260,32,????????,????,????,???????????
657,20130720,???,B ngwan,,???,???,??,7,???,,,23,23,????????,????,?,???????????
658,20130720,????,Say qoon,,???,???,??,1?2,???,,,356,109,????????,????,?,????????
659,20130720,????,Kn bung,??,???,???,??,1~6,???,,,377,371,????????,????,?,????????
660,20130720,???,Pa kus,???,???,???,??,7?8,???,,,56,56,????????,????,?,????????
661,20130720,????,Var loon,,???,???,??,4~7,???,,,242,187,????????,????,?,????????
662,20130720,????,Do rei,,???,???,??,2?3,???,,,142,118,????????,????,?,????????
663,20130720,??,Do rei ke,,???,???,??,1,???,,,23,23,????????,????,?,????????
664,20130720,????,Chi nau,,???,???,??,8,???,,,51,51,????????,????,?,????????
665,20130720,???,Lu moun,,???,???,??,1~3,???,,,251,249,????????,????,?,????????
666,20130720,????,Segi coon,,???,???,??,1~10,???,,,932,927,????????,????,?,????????
667,20130720,????,Bia nan Ni bu,??,???,???,??,1~6,???,,,759,736,????????,????,?,????????
668,20130720,??,tpiham,,???,???,??,6,???,,,584,566,????????,????,???,????????
669,20130720,??,Kbabaw,,???,???,??,8,???,,,1478,1465,????????,????,?,????????
670,20130720,??,piyahaw,,???,???,??,10,???,,,1142,1121,????????,????,????,????????
671,20130720,??,tyohemg,,???,???,??,6,???,,,535,528,????????,????,????,????????
672,20130720,????,buta,,???,???,??,7,???,,,560,552,????????,????,??,????????
673,20130720,????,kimyamg,,???,???,??,7,???,,,634,628,????????,????,??,????????
674,20130720,??,rgayurng,,???,???,??,7,???,,,989,980,????????,????,????,????????
675,20130720,????,Sqoyaw,,???,???,??,9~15,???,,,715,504,???????,????,?,????????
676,20130720,????,Slamaw,,???,???,??,15~1820.22.23,???,,,724,309,????????,????,?,???????? ???????????
677,20130720,????,Kayu,,???,???,??,30~33,???,,,365,189,???????,????,?,???????? ????????
678,20130720,????,Davog,,???,???,??,2~7,???,,,481,204,???????,????,?,????????
679,20130720,?????,Hrung,,???,???,??,3,???,,,206,177,????????,????,?,?????????
680,20130720,????,Tbulan,,???,???,??,7~14,???,,,558,263,????????,????,??,????????
681,20130720,????,Lilang,,???,???,??,15,???,,,394,294,???????,????,?,????????
682,20130720,????,Mihu,,???,???,??,6~9,???,,,326,247,???????,????,?,????????
683,20130720,?????,Szyuy,,???,???,??,10~11,???,,,307,191,???????,????,?,?????????
684,20130720,????,Pasin,,???,???,??,4~11,???,,,1675,435,????????,????,??,????????
685,20130720,????,Kling,,???,???,??,5~6,???,,,372,129,???????,????,?,????????
686,20130720,????,Tghim,,???,???,??,1~2,???,,,413,279,???????,????,?,????????
687,20130720,????,Lolu,,???,???,??,3~4,???,,,405,235,???????,????,?,????????
688,20130720,????,Mtauwan,,???,???,??,7?8,???,,,979,206,???????,????,?,???????????????
689,20130720,????,Mralas,,???,???,??,6~8,???,,,170,157,???????,????,?,
690,20130720,????,Tbalay,,???,???,??,1~5,???,,,280,274,???????,????,?,?????????????????????????
691,20130720,????,Lipa,,???,???,??,4?5,???,,,220,203,???????,????,?,?????????????????
692,20130720,????,Ngvhv,,???,???,??,6?7,???,,,185,172,???????,????,?,????????
693,20130720,????,Suru,,???,???,??,1~3,???,,,288,266,???????,????,?,
694,20130720,?????,Maibgah,,???,???,??,4~6,???,,,230,175,???????,????,?,??????????????
695,20130720,?????,Suk-uhan,,???,???,??,1~3,???,,,385,233,???????,????,?,????????
696,20130720,????,Mbwaman,???,???,???,??,2~4,???,,,228,213,???????,????,?,????????????????????????????????????????????????????????????????????????????????
697,20130720,????,Maipuwan,,???,???,??,1,???,,,138,123,???????,????,?,????????????????????????
698,20130720,????,Mitayax,,???,???,??,5~7,???,,,382,355,???????,????,?,????????????????????????????????????????????
699,20130720,????,Marinah,,???,???,??,4~7,???,,,266,220,???????,????,?,???????????????????????????????
700,20130720,???,Kuwis-awy,,???,???,??,11~13,???,,,360,230,???????,????,?,??????????????
701,20130720,??,Swasiq,,???,???,??,8~10,???,,,300,217,???????,????,?,?????????????????
702,20130720,?????,Mibunan,,???,???,??,2~4,???,,,321,157,???????,????,,
703,20130720,??,Ray?in,,???,???,??,2?4~8,???,,,450,181,???????,????,??,???????? ????????????
704,20130720,??,Tamauan,,???,???,??,13,???,,,87,24,???????,????,?,???????????
705,20130720,??,Parngasan,,???,???,??,1314,???,,,120,48,???????,????,?,
706,20130720,?????,Amis,,???,???,??,15~17,???,,,120,73,????????,????,?,
707,20130720,?????,Pakowli,,???,???,??,1120,???,,,300,117,???????,????,??,
708,20130720,??,Laisinay,,???,???,??,21,???,,,28,23,???????,????,?,???????? ????????????
709,20130720,??,Ciwbus,,???,???,??,23,???,,,36,5,???????,????,?,???????? ??????????????
710,20130720,???,Haeboeh,,???,???,??,20,???,,,126,88,???????,????,?,????????
711,20130720,???,Hororok,,???,???,??,9,???,,,75,59,???????,????,?,????????
712,20130720,?????,Lalai,,???,???,??,19,???,,,30,6,???????,????,?,????????
713,20130720,?????,Ngalawan,,???,???,??,18,???,,,16,25,???????,????,?,????????
714,20130720,???,Raromowan,,???,???,??,1617,???,,,154,146,???????,????,??,???????? ????????
715,20130720,??,Walo,,???,???,??,1~7,???,???,,750,428,???????,????,??,????????
716,20130720,???,Ririyan,,???,???,??,10~13,???,,,130,91,????????,????,?,????????
717,20130720,???,Amis,,???,???,??,1112,???,,,0,0,????????,????,??,???????
718,20130720,????,,,???,???,??,2425,???,???,,250,234,????????,????,,???????? ??????????????
719,20130720,???,Siwasay,,???,???,??,8,???,,,60,20,????????,????,?,
720,20130720,??,Sinbitw,,???,???,??,23,???,,,0,0,???????,????,?,???????? ??????????????
721,20130720,??,Banoh,,???,???,??,24,???,,,117,103,???????,????,??,??????????????
722,20130720,???,Hayaba,,???,???,??,12~16,???,,,120,53,???????,????,?,
723,20130720,????,Amis,,???,???,??,1?2,???,,,0,0,???????,????,?,
724,20130720,??????????(????),Sawi?,,???,???,??,1~13???7?8,???,0,0,466,150,????????,????,??,